many,one
rpg_articlecreators,rpg_creators
rpg_articlecreators,rpg_magazine_articles
rpg_articlecreators,rpg_credits
rpg_bookcreators,rpg_creators
rpg_bookcreators,rpg_books
rpg_bookcreators,rpg_credits
rpg_books,rpg_gamelines
rpg_books,rpg_gamesystems
rpg_books,rpg_publishers
rpg_books,rpg_release_months
rpg_comic_titles,rpg_publishers
rpg_comic_titles,rpg_gamelines
rpg_comiccreators,rpg_creators
rpg_comiccreators,rpg_comics
rpg_comiccreators,rpg_credits
rpg_comics,rpg_comic_titles
rpg_comicspecialcreators,rpg_comicspecials
rpg_comicspecialcreators,rpg_creators
rpg_comicspecialcreators,rpg_credits
rpg_comicspecials,rpg_comic_titles
rpg_fiction,rpg_gamelines
rpg_fiction,rpg_publishers
rpg_fictioncreators,rpg_fiction
rpg_fictioncreators,rpg_creators
rpg_fictioncreators,rpg_credits
rpg_magazine_articles,rpg_gamelines
rpg_magazine_articles,rpg_magazines
rpg_magazine_titles,rpg_publishers
rpg_magazinecreators,rpg_creators
rpg_magazinecreators,rpg_magazines
rpg_magazinecreators,rpg_credits
rpg_magazines,rpg_magazine_titles
rpg_other_games,rpg_gamelines
rpg_other_games,rpg_gametypes
rpg_other_games,rpg_publishers
rpg_other_games,rpg_release_months
rpg_othergamecreators,rpg_creators
rpg_othergamecreators,rpg_other_games
rpg_othergamecreators,rpg_credits
rpg_publisherlines,rpg_publishers
rpg_publisherlines,rpg_gamelines
rpg_reviews,rpg_books
rpg_shortfiction,rpg_gamelines
rpg_shortfiction,rpg_fiction
rpg_shortfiction,rpg_magazines
rpg_shortfiction,rpg_books
rpg_shortfictioncreators,rpg_shortfiction
rpg_shortfictioncreators,rpg_creators
rpg_shortfictioncreators,rpg_credits
rpg_urls,rpg_creators
